"","Untreated__WT","Untreated__WT.1","Untreated__WT.2","Untreated__ARID1A_KO","Untreated__ARID1A_KO.1","Untreated__ARID1A_KO.2","Untreated__MED12_KO","Untreated__MED12_KO.1","Untreated__MED12_KO.2","Vermurafenib_1uM__WT","Vermurafenib_1uM__WT.1","Vermurafenib_1uM__WT.2","Vermurafenib_1uM__ARID1A_KO","Vermurafenib_1uM__ARID1A_KO.1","Vermurafenib_1uM__ARID1A_KO.2","Vermurafenib_1uM__MED12_KO","Vermurafenib_1uM__MED12_KO.1","Vermurafenib_1uM__MED12_KO.2","Trametinib_10nM__WT","Trametinib_10nM__WT.1","Trametinib_10nM__WT.2","Trametinib_10nM__ARID1A_KO","Trametinib_10nM__ARID1A_KO.1","Trametinib_10nM__ARID1A_KO.2","Trametinib_10nM__MED12_KO","Trametinib_10nM__MED12_KO.1","Trametinib_10nM__MED12_KO.2","vemurafenib_and_trametinib__WT","vemurafenib_and_trametinib__WT.1","vemurafenib_and_trametinib__WT.2","vemurafenib_and_trametinib__ARID1A_KO","vemurafenib_and_trametinib__ARID1A_KO.1","vemurafenib_and_trametinib__ARID1A_KO.2","vemurafenib_and_trametinib__MED12_KO","vemurafenib_and_trametinib__MED12_KO.1","vemurafenib_and_trametinib__MED12_KO.2","vemurafenib_and_trametinib__WT.3","Vermurafenib_1uM__WT.3","Trametinib_10nM__WT.3","vemurafenib_and_trametinib__ARID1A_KO.3","Vermurafenib_1uM__ARID1A_KO.3","Trametinib_10nM__ARID1A_KO.3","vemurafenib_and_trametinib__MED12_KO.3","Vermurafenib_1uM__MED12_KO.3","Trametinib_10nM__MED12_KO.3","Untreated__WT.3","Vermurafenib_1uM__WT.4","Trametinib_10nM__WT.4","Untreated__ARID1A_KO.3","Vermurafenib_1uM__ARID1A_KO.4","Trametinib_10nM__ARID1A_KO.4","Untreated__MED12_KO.3","Vermurafenib_1uM__MED12_KO.4","Trametinib_10nM__MED12_KO.4","Untreated__WT.4","Vermurafenib_1uM__WT.5","Trametinib_10nM__WT.5","Untreated__ARID1A_KO.4","Vermurafenib_1uM__ARID1A_KO.5","Trametinib_10nM__ARID1A_KO.5","Untreated__MED12_KO.4","Vermurafenib_1uM__MED12_KO.5","Trametinib_10nM__MED12_KO.5"
"AKT1",-0.224499509595497,0.0878410262941326,-0.182762688691001,0.0327216793670946,0.116378592966032,-0.342004134564357,0.328390103234773,-0.0134112464325467,-0.0638509970452085,0.441649630314435,0.407458254459128,0.596187700317321,0.0349869808320242,0.343650762338545,0.459506704203721,0.44538654876155,0.0633614746016242,0.578796914396376,0.218483359759453,0.458372406768346,0.407229653994563,0.453582364195861,0.54336852551899,0.0276914931179017,0.304589137421346,0.641170335308966,0.401282122313148,-0.513090226271344,-0.490417686780958,-1.01808413729776,-0.391996107724492,-0.441883171336378,-1.29799836000468,-1.19390567964084,-0.106557127099598,-1.25023592684967,-0.615879146268898,0.313584165470457,0.601008209806158,-1.16048632824038,0.301521469340622,0.106212486378042,-0.650716592485542,0.284572767339586,0.682749104306706,0.0162358210919012,0.457090004003057,0.453791454867044,-0.104045690033779,0.274742100741894,0.680699344959378,-0.218203129088653,0.202022214897186,0.191869838825713,0.059330262094505,0.372273557124087,0.240239237106731,0.194231561910083,0.420080279077753,0.142805249482943,0.122393448566142,0.0549464109773011,0.275146789950621
"AKT2",-0.492130033323923,0.0131703896823283,-0.0206161747233954,0.0142243057009927,0.0589320368864849,-0.149163986356381,-0.00955054239941197,-0.0576628942298173,-0.603420111610502,0.441649630314435,-0.0681480087712797,0.432274603395508,-0.0252314738878012,0.0124003016470373,0.0453909371820626,0.618073732792519,0.26622913141381,0.392933792051658,0.286307127375865,0.199211486935385,0.297426768362479,0.417695963134889,0.152971224530283,0.191411113644621,-0.00362531811684748,0.292524710686047,0.368848988747599,-0.01059133116165,-0.258443168192376,0.101080739562555,0.296309326030031,-0.392951896298469,0.127549481882431,0.375836567646396,0.0354313177641478,0.319170251469761,-0.00105934232020255,0.365943526049813,0.559719322419585,0.191042568902028,-0.548210267411513,0.3211869457067,0.173507275689213,0.0532394903961118,0.756607202695047,0.210020121194025,0.643518414331828,0.128532673104785,-0.0942579800133344,0.596721033333792,0.0552346992825898,0.145199309119286,0.230079527712066,0.242259441027742,0.118674595388647,0.112214723925061,0.298086753418549,-0.0929623673575515,0.330166804114858,0.298784474775238,0.120959471223416,-0.0133858135452421,0.270783800793248
"ATM",-0.867985158309253,-0.850846449598228,-0.0395273585370617,-0.6249657712435,-0.281057570213597,-0.306931007777158,-0.161177729608324,-0.0249353184249585,-0.0921563838861249,0.36353244127377,0.382981616513769,0.215915466627324,0.0588122987297973,0.172271586902746,0.111596406905994,0.45826741310739,-0.0144320267755049,0.279298176833717,0.356366808525131,0.0438681364727391,0.17317169986864,0.146835003796008,0.32056134920774,0.30086094419489,0.51793551004861,0.220025197984256,0.347239720959321,0.179673370216272,0.185069835844049,0.149575310157738,0.246699808482966,0.0903539726068832,0.275975087639592,0.079505898321507,0.0573762256467407,0.213919958180965,-0.305689774068828,0.293343844789281,0.420617021189113,0.425455935516047,0.538681841412436,0.412280272221185,0.221989271093606,0.474072873312572,0.187043180962182,-0.595628795265374,0.239600187862933,0.0319684879129204,-0.639641871650628,-0.177142430181167,0.546997730525531,-0.202895386517449,0.160590563620506,0.424858327159217,-0.290361365957159,0.20868552135685,0.345014331977964,-0.29881677286304,0.0740488786960334,0.0418922431834797,0.00871324629006393,-0.0709454101993911,0.35333478887086
"AURKB",0.249839450069654,0.231417914514507,0.230055415555098,0.150414356511813,0.140577914408196,-0.00200229016428168,0.300113700775166,0.372752082355586,0.196245844467284,0.308096146884463,0.260028612344396,0.199459325078502,-0.10767507377659,0.260656391414673,0.151894632383609,0.0467841473113671,-0.182918794873174,0.303997066321379,0.315304306948711,0.138363020133509,0.318675649897327,0.238288205962969,0.598421851890165,0.348251266588437,-0.00597637363175835,0.477048813437914,0.434016775369053,-0.423744777145204,-0.351095664888138,-0.490634928782591,-0.571779586833843,-0.390398843688804,-0.498755798502163,-0.560116764075169,-0.396844145772018,-0.406721937662596,-0.585553409718394,0.339719979575725,0.20691492461295,-0.721363563126652,0.177176685052172,0.345974825528484,-0.465453335642902,0.215861894411991,0.407943878342948,0.146463913934583,0.297180061879223,0.147066785469119,0.177667519779589,0.252975422229431,0.561134404576295,0.264880357851661,0.194440920142025,0.336718884566649,0.266708606320346,0.323392238083681,0.275527367224096,0.167947998269469,0.118420743624641,0.365626186220107,0.255970197184863,0.167797991180411,0.392438091171188
"CAMK2A",-0.867985158309253,-1.24717504191463,-1.11870336534091,-0.831934733478505,-0.603817808564721,0.159472734390985,0.0473277987166278,-0.00737959603019369,-0.257362321183402,0.575203113744407,0.314688080979559,0.270835405166947,0.263175934312494,0.33635069218596,0.0569170342737277,0.508899102416225,-0.0144320267755049,0.527064320333866,0.501069618569838,0.00706657094364848,0.542684843978545,-0.301517281862747,0.262239837785739,0.325262407879297,0.630599168688897,0.472853990760348,0.321619635389355,0.190842829790321,0.0837246087370657,0.456863577261905,0.492141116539316,-0.084372753542867,0.0542435983692898,-0.560116764075169,0.467706781300314,0.398528806756619,0.446664175618206,0.59196672437268,0.0725110488021703,0.400297638532682,0.333423830942972,0.569670773963212,0.380386864722143,0.146465277646102,0.21158456600159,-0.892374757471223,0.53424200809317,0.338262614792869,-0.837783940946543,0.332177087606996,0.156995542288501,0.17801916086627,0.0531594697411978,0.252963809674728,0.229287638722966,0.367507661950635,0.446496055301591,-0.29881677286304,0.118420743624641,0.258458801041997,-0.0167480192176482,-0.457930524208228,0.402893159297001
"CDK1",0.181781521821863,0.0784301159078074,0.0208340460848383,0.0891223054494232,0.182983096434482,0.0343061653178059,0.226572057849834,0.105572423227696,0.077495176384266,0.32063286166146,0.241903744333152,0.143065759446496,0.172270242129131,0.260656391414673,0.25934195516635,0.227556613237283,0.18505491091981,0.247611353551238,0.219005275515895,0.294249121905931,0.227900017877728,0.238288205962969,0.183991194170034,0.136550858762466,0.290352723735593,0.191489042975606,0.186377037043023,-0.657428202824472,-0.476121425822562,-0.609393594450485,-0.534122537664001,-0.324424213989592,-0.636981956776898,-0.577968994927543,-0.472503671764849,-0.53838292618027,-0.465060756064706,0.325779358782181,0.319956430251299,-0.530480537303069,0.336255175092753,0.19618887323123,-0.63475425715201,0.23848452930222,0.236579936797111,0.0268098542648783,0.235427817703688,0.15248444220632,0.0835086015409534,0.184007366393162,0.188530662519817,0.175447243620908,0.29170640141823,0.174563099780934,0.118875119707326,0.333268273694459,0.341362519388884,0.238732748286732,0.279093976379646,0.337742662161702,0.179559097890257,0.147691456299305,0.24718046985924
"CDK2",0.14608981881615,0.0948918972467525,0.0208340460848383,0.0891223054494232,0.166410726674371,0.10927299474677,0.236140887519723,0.0679584555104288,0.0720778726043148,0.32063286166146,0.306792098218714,0.278327634333237,0.193568382027831,0.260656391414673,0.279957690850711,0.287887679541519,0.245240098374267,0.282561608873841,0.0965728191346375,0.212102232340557,0.129113861003042,0.186099256058688,0.183991194170034,0.136550858762466,0.290352723735593,0.114596025860288,0.120533890053776,-0.774943921184207,-0.510854571403539,-0.609393594450485,-0.573945112689099,-0.390398843688804,-0.723130863875574,-0.647040606428569,-0.261925364727964,-0.737978034422741,-0.635413293492252,0.329372062535904,0.254528484925222,-0.577548485901463,0.333423830942972,0.134527081536328,-0.63475425715201,0.273944114340228,0.0927983317588571,-0.0292805383064783,0.249034749518906,0.10767446760434,0.118205071854373,0.180793574289825,-0.00858257974771772,0.144620611633792,0.337743873431084,0.169551983275378,0.118875119707326,0.345268372700758,0.337146446260966,0.30595786442699,0.322883303324848,0.321797045717993,0.162160020994271,0.20152053518534,0.303704873001286
"CDK4",0.00523040436380579,-0.0969346114274317,-0.105305531901968,-0.00450613199658422,-0.132340175820228,-0.304008234851271,0.0994577917166947,-0.0214225986983463,-0.0735946355324321,0.20448088256356,0.279811657721571,0.118525927739517,0.191573526486098,0.192300346841812,0.419008758744391,0.293128433420183,-0.0138664447834538,0.296304694728321,0.0830262032478106,0.151255577426102,0.212451141463173,0.264941319567227,0.469519762988284,-0.0144353393507466,0.0101298304265336,0.212941636373918,0.426865996229278,-0.636495047329976,-0.204491188882504,-0.546039469283108,-0.227691316798751,-0.085467004492793,-0.215067958571904,-0.278459670904496,0.0855828013464184,-0.207112536046272,-0.333320977872925,0.386044717117577,0.504293361574934,-0.665098903074828,0.312039969128022,0.0805737396207354,-0.162452850522435,0.312234527864327,-0.0571523523720543,-0.369665287243161,0.347934847934172,0.32808407878021,-0.113916602582957,0.103934423415275,-0.0950111091456483,0.0404683717141477,0.193690301878594,0.172057541528156,0.0672392163778729,0.321813982989829,0.357991729085115,0.18132478918979,0.265896624341871,0.20345979257234,0.101949200696614,-0.025929499406274,0.179625082310752
"CDK5",0.12520653065133,-0.0089201702282672,-0.117810927452602,-0.00820939493977564,0.00880489436357846,-0.182435646565032,0.0473277987166278,-0.00737959603019369,-0.0880605491456115,0.342726933605629,0.306792098218714,0.143065759446496,0.285169364971663,0.326632516561648,0.357220081600859,0.367809487334937,0.164349445380755,0.247611353551238,0.188773761493861,0.354069571495176,0.270213331535746,0.418592464038616,0.266780710438125,0.000476690691755535,0.243136894293432,0.176432482576672,0.291222343871276,-0.524985695379217,-0.334894283863666,-0.228078711437518,-0.265634854740203,-0.084372753542867,-0.166666665874589,-0.419743961357629,-0.192334490211956,-0.202819952044807,-0.424507031466076,0.453090787480755,0.328553662187639,-0.239063134002773,0.343827357884092,0.215462079510776,-0.388904539569806,0.273944114340228,0.352832533956886,-0.0951972223228399,0.281703888768761,0.145830988606679,-0.0604910712134353,0.184007366393162,0.208690975045003,-0.0228280524779167,0.299129049575548,0.174563099780934,0.0426127143170372,0.333268273694459,0.352120841848508,0.198752267164958,0.319688870836633,0.3434009759165,0.0882956859833243,0.147691456299305,0.157855488730055
"CHEK1",0.0776319493792101,-0.0089201702282672,0.0650896195576216,-0.0691079776446176,0.170925960250311,-0.187700340458589,-0.00304636964324197,0.0221668389296772,0.0469380252153924,0.42521037130931,0.372214153897403,0.217217473447672,0.271166749596909,0.35095083249113,0.315909228859242,0.355605229777981,0.120044843719299,0.282561608873841,0.125089875991122,0.203543615419569,0.180541789748838,0.181566127737927,0.326855845129116,0.0779456973099875,0.108243144277145,0.202776436357506,0.321619635389355,-0.243483480961002,-0.30281789620699,-0.498154054136346,-0.278875600748266,-0.323753016422067,-0.596314973558935,-0.32043088709432,-0.207251504339421,-0.449789541469358,-0.559285643972806,0.433353206118083,0.142705325576438,-0.365410290023501,0.333423830942972,0.134527081536328,-0.446391909846422,0.159820048387418,0.139149004190166,-0.0111530346773223,0.276241147559438,0.123368883927474,0.00484943229567266,0.223992567661494,0.293777010819806,0.0252211365309755,0.305512799383754,0.174563099780934,0.166190091741044,0.295952630605929,0.250918358815682,0.140897671526855,0.281189214781247,0.353547974054462,0.11938293896298,0.128715346343429,0.24718046985924
"CHUK",-0.733871133662669,-0.822477047610509,-0.257182930509273,-0.6249657712435,-0.0880352337078316,-0.543383128264997,0.0473277987166278,-0.77445136771934,-0.287095346186357,0.42521037130931,0.164929121255377,0.327575341873109,0.427014681126037,0.375817815776087,0.0569170342737277,0.508899102416225,0.355789898590529,0.45725755745353,0.0965728191346375,0.00706657094364848,0.92562685621854,-0.147540704027806,0.542649490985081,-0.0545823342292607,0.51793551004861,0.60865159426761,-0.139001039356918,-0.850870289559093,0.1850895829557,-0.142022881092967,-0.119299478934773,-0.084372753542867,0.48224794429899,-0.0302592239148041,-0.00872641360808374,-0.0846662193433521,-0.366774670290263,0.534013466579634,0.567634034158343,0.0365837595957107,0.426092703676994,0.455892921055284,0.221989271093606,0.515878422191466,0.0229143825675754,-0.892374757471223,0.249034749518906,0.278759612808009,-0.639641871650628,0.376602916530755,0.753338255224099,-0.0837426981890369,-0.280844510051405,0.313874245682801,0.0426127143170372,0.607552615610331,0.443753355623241,-0.29881677286304,0.0252230782918172,-0.531487799135236,-0.0167480192176482,-0.0709454101993911,0.927519807757752
"CSNK1A1",0.205849437697233,-1.13008456063218,-0.276457835570435,0.0341242823646741,-0.603817808564721,0.159472734390985,-0.161177729608324,-0.221914573384959,-0.233926073845312,0.42521037130931,-0.0686645559607588,0.270835405166947,0.237347694671517,-0.0402409999370744,0.024104264441565,0.508899102416225,-0.0144320267755049,0.375068419632218,0.666582617585649,0.203543615419569,0.440261629920744,0.135888952002831,0.577693768822512,0.249784268098757,-0.17599867220273,0.571854170613781,0.00736755242694065,-0.888801200091242,-0.0453285819731704,-1.4222702972769,-0.265634854740203,-0.084372753542867,-0.642130166770699,-0.766323586456392,0.199807561972861,-0.669900717267797,-0.603620933949386,0.363694983780371,0.458825638445214,-0.0320550916901178,0.5268674167993,0.038299330120052,-0.36254298780457,0.359816911407699,-0.300708129891063,-0.480790623525079,0.191128554724405,0.113619066600251,-0.273518085678836,0.24151406781441,0.345662760328118,0.386295436887413,-0.43366740666384,0.565853731342672,0.229287638722966,0.516183055324003,0.294244509601572,0.0131772936884488,0.0252230782918172,0.258458801041997,0.12508539017821,-0.457930524208228,0.188152674372754
"CSNK1D",0.207085183885892,0.0915936163475221,0.199133448767782,0.0748361526946469,0.310493768112789,0.104332532935537,0.393963444618869,0.0630809679451175,0.0411676393567898,0.36353244127377,0.297930261439695,0.120662586721272,0.125045317334629,0.119148094607802,0.024104264441565,0.361360309434973,-0.0631524276981285,0.0245888412390807,0.332487532638069,0.174518998243959,0.0974119267761568,-0.00640514409476016,0.366678762019783,0.30086094419489,0.297797364195851,0.223735635227199,0.186377037043023,-0.639690353140738,-0.212696884472198,-0.562945244245567,-0.437981167099422,-0.23790175551753,-0.2435645122288,-0.647040606428569,-0.536053965081623,-0.53838292618027,-0.735067379529114,0.0616928306676949,-0.0540604371417176,-0.481322201869127,0.217610388487989,0.245243682515377,-0.36254298780457,0.241636753594961,0.0463886214364725,0.140113764273653,-0.119541205015292,0.162148647426947,-0.0594067611613794,-0.0039756934399846,0.116591642909744,0.149876804455104,0.103350339640089,0.411741833888877,0.333505665802945,0.13348603483261,0.27508190366609,0.0131772936884488,-0.00949055045333282,0.164541481672153,0.152098872271653,-0.29735884568616,0.35333478887086
"CSNK2A1",-0.108440968242829,-0.871400981367918,0.103645038781466,0.233567354872449,0.2747860683046,0.131902633663261,0.13239026303724,-0.0966454404960373,0.0387989898598167,0.708117161040852,0.351041117924937,0.356434286436915,0.378923767853426,0.255829426445919,0.110959279820369,0.377563668566814,-0.454558915473039,0.474378096953499,0.473997279828028,-0.0111881243194789,0.262373907821309,-0.225458379054832,0.414947249882549,0.115927430879214,-0.0174473410313611,0.220895365432721,0.0974146118090387,0.149853398432768,0.00513002788677577,-0.367257033163892,-0.0988393954328293,-0.0339243179204005,-0.0202870356476331,-0.345689129626125,-0.16107164195599,-0.0310881527991113,-0.457905585478617,0.313559898927915,-0.042421514924929,-0.00160372417892288,0.288440119458063,0.500867703550105,-0.195314310809241,0.0697271046452469,-0.242136235655833,-0.288679826970066,-0.117855645421457,0.225705019891482,0.0241070433653326,0.420406719906965,0.135923870342923,0.398245481982525,0.285536631191244,0.359849606678847,0.257991802206092,0.219224245062672,0.206897818619792,0.294969798225369,0.0541707034195691,0.251756424667323,-0.00401738646379215,-0.0406541359033323,0.112446089347734
"GRK2",-0.626806688772767,-0.523396306278503,-0.126557924130805,0.152358434592985,0.0256848022491013,-0.0473255667362472,0.236140887519723,-0.185911284961881,-0.233926073845312,0.42521037130931,0.297930261439695,0.327575341873109,-0.0215585512669062,0.0265836154190463,0.0740871639706084,0.414980332755561,-0.443121892704779,0.375068419632218,0.242839434099619,-0.0294428195826064,0.296353257972549,-0.196395840914737,0.398792537133783,0.06501603368836,-0.0123522175513463,0.28803109528896,0.0352243692127881,0.141027939115312,0.0837246087370657,-0.980488528627955,-0.130037760951816,-0.0380600942350297,0.0542435983692898,-0.766323586456392,-0.0930375066844925,0.0900841201875639,-0.448782860258611,0.135325700407763,-0.0307825927081403,-0.0182125007286269,0.210982339130345,0.134527081536328,-0.0333723133437184,-0.0938479249240983,-0.300708129891063,-0.462030535251659,-0.0448572015336744,0.10767446760434,-0.135946802855392,0.396663353543636,0.345662760328118,0.410195527077638,0.188297339903426,0.213566722988572,0.248901743870682,0.0285898286176442,0.147060151445188,0.104426861091423,0.0252230782918172,0.258458801041997,0.00871324629006393,-0.457930524208228,0.118706255701954
"GSK3A",-0.0862536239068603,-0.187843386984235,0.12380426690838,-0.317887007114907,0.059649003479642,0.146000580426698,-0.337256330837532,-0.0320349834214164,0.0322585176144585,0.471891102554437,0.536063131118075,0.405604216051128,0.276348489779345,0.351225166168867,0.176518837748061,0.284401015462632,0.715619394085509,0.470654244430277,0.187206072884931,0.364810552912347,0.105614394709056,0.138807808279166,0.357082819355108,0.313178797626771,0.355202957720556,0.329138145994014,0.370499455616627,-0.806530300680631,-0.40300537247061,-0.647680148800682,-0.528269550033003,-0.075586446647224,-0.401824311325743,-0.674805260890372,-0.0490212875203268,-0.11658745108258,-0.479789502075484,0.5598089262647,0.09692106569209,-0.507410645527518,0.7060130943218,0.478620954874365,-0.550755222444298,0.61798017718129,-0.0857342273478786,-1.38351621771255,0.319830323850175,-0.0771764239727389,-0.276103123104181,-0.0199536667630232,-0.185218161732261,-0.251125039695987,0.0848915873136061,0.490183416444489,0.0927661449817234,0.390715340479165,0.258155983105326,0.246722532955819,0.740083808840533,0.40893676681737,-0.137156454290687,0.0731981177845478,0.234723474849544
"GSK3B",0.19783825349865,0.0658700592841811,0.20411485214518,0.280189296631416,0.146738104515094,0.180146825937752,0.312961279275928,0.100143467478754,0.0872239115382298,0.444143522212122,0.154687696186856,0.204889773851871,0.418749509222196,0.240746127446235,0.399237778257438,0.248471517429062,-0.155549923752457,0.323443382423448,0.239716721743974,0.370053575011945,0.418979523104749,0.44363516196863,0.465677675277198,0.07174030670844,0.313014964450858,0.332785463398397,0.3456552862998,-0.861328933418013,-0.590558315339836,-0.961474369709877,-0.534712263346881,-0.422999703958559,-0.580488083958086,-0.819361240269775,-0.531871744362693,-0.570593836521155,-0.5195477518619,0.302296474968485,0.614879774227922,-0.919850406022566,0.312039969128022,0.209997042302551,-0.660474722973191,0.214480119273414,0.329943130396204,0.244230015794955,0.168966041116283,0.270994857462892,-0.00313396270064363,0.143901872573207,0.0687347435874286,0.400102452677293,0.15307954946559,0.456718641819271,0.204142495896577,0.32833025588907,0.466542023840715,0.202626803430979,0.408702693666855,0.331094147495214,0.241590326740166,0.147876729744966,0.294823669774197
"IKBKB",-0.484903654980126,-0.428996776629025,-0.231520116564353,-0.451082736179332,-0.261302881359231,-0.182435646565032,-0.0985868175261123,-0.0529155499708437,-0.0188337201856358,0.36353244127377,0.314688080979559,0.270835405166947,0.514353501189166,0.333522037789864,0.275051256978977,0.531853941320655,-0.157900249225681,0.357681425027696,0.242839434099619,0.00706657094364848,0.115073816931347,0.081821425765733,0.0727063319340036,0.00692975465441397,0.266821554820117,0.223735635227199,0.291222343871276,-0.0702479735674878,-0.141250233821588,-0.296516045797004,-0.0650112767758814,0.079801088058083,-0.310611084441912,-0.148534119901265,0.0573762256467407,0.061972761256546,-0.366774670290263,0.363694983780371,0.321343194572032,-0.0182125007286269,0.571182085454159,0.113118521512899,0.0435246861267606,0.353261376741744,0.113221931504051,-0.396680456246598,0.278644562089032,0.187703617256628,-0.294759230622446,0.121903356309724,0.208690975045003,-0.0285554209773133,0.188297339903426,0.174563099780934,0.0426127143170372,0.333268273694459,0.325221993881335,-0.0182558842748961,0.219772661830859,0.0920322772090004,0.0923871982219738,0.00268302933315374,0.25350271921004
"MAPK1",0.285214323556097,0.0948918972467525,0.0907103574259035,0.152358434592985,0.141562564010767,0.10927299474677,0.261540651995707,0.0711627521166971,0.0984855305290983,0.339563542077008,0.164929121255377,0.110405934370283,0.258101735637566,0.222256819198847,0.259546857522106,0.277786663680158,0.304127156173027,0.319976903588074,0.249262057938058,0.323025637248409,0.318675649897327,0.276619661728431,0.351875600172972,0.159732171500965,0.328232564705866,0.249450790171165,0.293886175420909,-0.802429220801719,-0.637482609507014,-0.768996208197015,-0.648270934058608,-0.456600191079057,-0.745534402865006,-0.771892568687718,-0.483371178197315,-0.703045254440197,-0.675323770684732,0.329372062535904,0.328553662187639,-0.609235055020312,0.336367069669101,0.233842003017085,-0.686195188794371,0.220305032168235,0.18307008911507,0.131185769991808,0.249034749518906,0.266713034266628,0.0436922452069765,0.144210658260563,0.244041613605175,0.113630370538914,0.308803107074495,0.203333940824044,0.118875119707326,0.341038718851948,0.389339282795427,0.254736760097462,0.319688870836633,0.35338961734138,0.339613842537944,0.20152053518534,0.344300393731539
"MAPK14",0.149436681748206,0.038708900777198,0.0301127300679277,0.0769009481304365,0.0261845385219263,-0.0206029823601049,0.122575794151994,0.0247262781973014,0.0287200465389711,0.323923712717623,0.227067540562192,0.153588389919897,0.246690743640469,0.265582866735794,0.259444406344228,0.232821717401394,0.199425897681741,0.263454765192478,0.287518137041776,0.283740232834269,0.27414722070639,0.183832691898307,0.272106286858005,0.156842665520662,0.294075043965722,0.199652663122752,0.249064699352392,-0.601386699002772,-0.409054013788095,-0.532069127596073,-0.433216650121041,-0.345460969600146,-0.613280272563336,-0.619484969639275,-0.267604168102978,-0.583945286692795,-0.459579336790849,0.300879808974811,0.333685851288637,-0.476450892743101,0.334839503017862,0.204565391198577,-0.639594576577327,0.229394780735228,0.302454582709387,0.0200293170887744,0.209314134411224,0.1491577154065,-0.00880005635106738,0.252072873967534,0.209717228408663,-0.0137220359608438,0.292310667775423,0.206255259347269,0.107179669743157,0.316167920453667,0.339254482824925,0.161864970117593,0.250434263721131,0.322750875255444,0.142146620220423,0.151677504672137,0.269894157635589
"MAPK3",0.178735299733832,0.0563501892566726,-0.0395273585370617,0.153319294146055,0.0266842747947514,0.0343061653178059,0.121252375171041,0.0272857174649256,0.0469380252153924,0.339563542077008,0.212231336791232,0.129770211813537,0.296281338539927,0.260656391414673,0.305447540167239,0.227556613237283,0.281435082176115,0.282561608873841,0.249262057938058,0.354069571495176,0.270213331535746,0.378457393870206,0.360384200375067,0.159732171500965,0.328232564705866,0.203467963318616,0.321619635389355,-0.782620828692279,-0.570493924680993,-0.768996208197015,-0.648270934058608,-0.455600564228313,-0.649060924993527,-0.629882126135831,-0.483371178197315,-0.703045254440197,-0.570530348892022,0.313464751477975,0.401784609836175,-0.609235055020312,0.336367069669101,0.217732453422388,-0.686096962888443,0.23848452930222,0.113221931504051,0.0268098542648783,0.249034749518906,0.266713034266628,-0.0557110470428305,0.285866417472487,0.296030094517095,-0.0228280524779167,0.32921677732392,0.203333940824044,0.194686065199854,0.341038718851948,0.363862616321722,0.238732748286732,0.312949450382656,0.337742662161702,0.302742641075407,0.216828926611193,0.303704873001286
"MAPK8",0.181401870337332,0.06739015258224,0.0301127300679277,0.15283886436952,0.141070239209481,0.120900710604591,0.192443024387381,0.0388605103390934,0.0312508158245988,0.299503149821951,0.191959196302266,0.128208066461144,0.24148348260624,0.307638371992213,0.277504473914844,0.264153137391878,0.172755604460838,0.257779858472381,0.287518137041776,0.188034900529436,0.188908702154624,0.177963732171422,0.278450347350534,0.14731754102354,0.317041310517491,0.158202142733776,0.230120329122329,-0.580156657363244,-0.268045244067,-0.518295163393234,-0.430691615027056,-0.345125370816383,-0.600517591029332,-0.577843474010284,-0.218178640783454,-0.499532498888051,-0.401878326438441,0.245442784548351,0.365508196327953,-0.476450892743101,0.336992569087271,0.245214072044577,-0.556410879542369,0.240060641448591,0.233705517902065,-0.00480335826191801,0.270599192217154,0.152223209929219,0.00688259858693201,0.252072873967534,0.215650077799893,0.0151742300677359,0.212161261209661,0.223117242378698,0.142232663180606,0.335038537982734,0.367231981849101,0.245499013086623,0.250434263721131,0.322750875255444,0.275442193872998,0.178592044115155,0.26026475531801
"MAPK9",0.348163705034993,0.300386372616075,0.202378375525709,0.288523700241324,0.275698478027351,0.132694276838035,0.25771681054835,0.200783189966929,-0.030863992892165,0.333389052925397,0.310740089599137,0.307848101202068,0.345149493650935,0.43076298054117,0.277504473914844,0.209875902118387,0.183108337230366,0.320071608696651,0.156931818742491,0.185274305497442,0.394794778088683,0.264941319567227,0.309328155305549,0.0735544657221309,0.137471646214759,0.207612339101403,0.240131606231966,-0.601386699002772,-0.425677640790541,-0.665548117726799,-0.419558077471326,-0.374549152575156,-0.626563573949297,-0.526775184134295,-0.251194374352739,-0.444671498558462,-0.43557823283569,0.346654557146336,0.341452155037161,-0.517405551587019,0.442839785334976,-0.0930820768534812,-0.606128977531141,0.214480119273414,0.120105556934465,0.143056896782345,0.293650278270173,0.262097635318945,-0.0502450542048168,0.132109673235437,0.0905264517656009,0.255839505817409,0.204966322379563,0.305029150499938,0.203218943120001,0.369444263904561,0.370730062321967,0.416720690856989,0.32128608708074,0.324075168810811,0.211062790019194,0.234943227148197,0.355135766037317
"MAPKAPK2",-0.222169663508967,-0.148974283952181,-0.179940022591102,-0.00889606670658163,-0.187941302447891,-0.266058407865522,-0.0363348403313746,-0.292690135659685,-0.332902241623903,0.437247808258664,0.292158019227246,0.234810998077568,0.404493337533237,0.334936364987912,0.410073330855338,0.371638853061734,0.40669073728232,0.42327801602005,0.143312040350325,0.458372406768346,0.420685824495639,0.327538641747276,0.307057718979356,0.266473954281054,0.229181192231006,0.249897381220321,0.472794588188134,-0.221893622351042,-0.199812544384812,-0.751254856464156,-0.351649786505048,-0.118778196496003,-1.17856622683472,-0.515791602678557,-0.706087035900748,-0.345462574150786,-0.327436016936192,0.351229481348911,0.379658014335378,-0.941419082091163,0.162449996606987,-0.010692823535085,-0.650716592485542,0.371987421486829,0.444786958034274,0.210020121194025,0.211190592578415,0.110725740255986,0.149870920357405,0.407296926258669,0.530203421938135,-0.0488823258375944,0.312408357472235,0.1964645604845,-0.303760901372563,0.297849712226278,0.214798682912235,-0.751559470229553,0.488050670764231,0.338422853711583,-0.413379233313564,0.322042023132556,0.369226261963869
"MTOR",0.181781521821863,0.0571402329551498,0.0337728396805915,0.015052547436523,0.170925960250311,-0.0455594364426868,0.215754715184708,0.0456951374626107,0.0469380252153924,0.279518314791329,0.242060855142585,0.127333838631238,0.148182108301116,0.260656391414673,0.305447540167239,0.203847028266756,0.321675621607279,0.199603299842454,0.249262057938058,0.354069571495176,0.270213331535746,0.4132417882354,0.351875600172972,0.227982655619464,0.331240152256658,0.249450790171165,0.373608722898743,-0.657428202824472,-0.543634021172657,-0.575959466254313,-0.57326181205828,-0.456600191079057,-0.636981956776898,-0.560116764075169,-0.452729237079796,-0.609285653868846,-0.544577255637536,0.306059103955427,0.304410108224021,-0.609235055020312,0.333423830942972,0.296628595212396,-0.730210204732565,0.241636753594961,0.219006708801406,0.0688785995588708,0.227019233427543,0.266713034266628,0.0179357935825909,0.122581139303467,0.292354322874106,0.144620611633792,0.192939683615162,0.233128044847068,0.178112635569805,0.336808802271008,0.352120841848508,0.241356295647336,0.319688870836633,0.35860545930436,0.189399269201749,0.169295285166002,0.272761523845199
"PAK1",0.069705825535078,0.0436553037615765,0.230055415555098,0.150414356511813,0.140577914408196,-0.0655169069577854,0.236140887519723,0.0206451558903435,0.153004743413121,0.308096146884463,0.212231336791232,0.327575341873109,-0.192641467890374,0.35095083249113,0.373090890161114,0.203847028266756,-0.238386258201467,0.348370938118627,0.20714126591219,0.240338416624227,0.674697153986136,0.238288205962969,0.431101962631315,0.30086094419489,0.0192380955751502,0.522069250127362,0.402476015897972,-0.453078643986263,-0.351095664888138,-0.980488528627955,-0.265634854740203,-0.191750043106842,-0.685647297224825,-0.577717953093025,-0.229105777227487,-0.257750390082089,-0.622158780486381,0.328634484959372,0.471235108156943,-0.311572630782537,0.333423830942972,-0.106659099627296,-0.568162157590021,0.273944114340228,0.328416632784434,0.244282720302569,0.314103887013301,0.338262614792869,-0.135946802855392,0.296508779254357,0.47446129732334,0.324411708810426,0.0531594697411978,0.482196944401553,-0.0475295675520339,0.43738949019585,0.275527367224096,-0.158466830282817,-0.0565495264048051,0.0920322772090004,-0.138783359759463,-0.196066912256487,0.392438091171188
"PLK1",0.119103563879771,0.0174828637726618,-0.16564386821602,-0.110648992398387,0.0256848022491013,-0.0224358157300306,0.0473277987166278,-0.0249353184249585,-0.0188337201856358,0.263639088911825,0.30397418866221,0.340664068006431,0.263175934312494,0.371852224263045,0.227891037624952,0.300749661546473,-0.022340281665041,0.173401523441748,0.20714126591219,0.0669190847068389,0.295602251196823,-0.0731236651883948,-0.0259411257155207,0.00287652478379659,0.131663900816015,0.138296259059906,0.262449622717816,0.0871585420825501,-0.0457565075750454,-0.0501629435285114,0.116426959109277,-0.084372753542867,-0.0231110822555223,0.0134860182265543,-0.0207797639872408,-0.0290120146955344,-0.0167503145451128,0.135325700407763,0.0265388633438813,0.0561540764254101,0.337618068505441,0.304304519107373,-0.0342574970304918,0.10866332845373,0.276828431010765,-0.115329118688474,0.174414487113616,0.0631144601095388,0.0179357935825909,0.24151406781441,0.208690975045003,0.00946136355168403,0.353326174576116,0.213566722988572,0.193742451120908,0.168670033940232,0.217861486013516,0.167947998269469,0.12055236197582,0.152335149075488,0.060439440397074,0.0603225044862784,0.157855488730055
"PRKAA1",-0.440934907153301,0.0571402329551498,0.0570858775924816,-0.165364697635932,0.0256848022491013,-0.456794258457723,0.121252375171041,-0.00737959603019369,-0.0956117840882706,0.36353244127377,0.423470015056177,0.327575341873109,-0.192641467890374,0.33635069218596,0.437708715498347,0.218447379505429,0.0066781054839492,0.298910947447774,0.258634840679346,-0.108550559614141,0.322686648813029,0.271401457890917,0.351875600172972,0.261069478945519,-0.0212219943476666,0.174162147976506,0.429590308491506,-0.532705607064606,-0.334894283863666,-0.215672941299827,-0.210730403390703,-0.380156275015439,0.0542435983692898,-0.116525211977838,-0.229105777227487,0.0900841201875639,-0.448782860258611,0.366321226278019,0.328553662187639,-0.0182125007286269,0.228371000458575,0.318616261703272,0.0531962464578523,0.293265275403071,0.163896280856412,0.0436246768611247,0.125201123277607,0.121656969483181,-0.219416796542162,0.252975422229431,0.361817073632549,-0.1244545249048,0.2420476322121,0.233128044847068,-0.154749138820039,0.0790504890726815,0.203502934708176,-0.158466830282817,0.246519087209162,0.311434883215654,-0.0326443013262756,-0.136799337299338,0.295681948265994
"PRKACA",-0.0034044198646325,0.135708748768681,0.230055415555098,-0.0691079776446176,0.140577914408196,0.263182187547906,0.215754715184708,-0.00217277824140336,-0.0320902100021464,0.279518314791329,0.196971596596071,0.115379974653427,-0.193201972648445,-0.0413395865171017,0.0740871639706084,0.0292982666158263,-0.351656166683188,0.173060827625494,0.204595608396735,0.240338416624227,0.367154349157794,0.4132417882354,0.450050755339597,0.261069478945519,-0.176845003809863,0.297018326083135,0.402476015897972,-0.212025492113621,-0.30281789620699,-0.9014389130403,0.100477535520746,0.0530198514665407,-0.672820891013237,-0.494915879907721,-0.192334490211956,0.127757883617346,-0.559285643972806,0.38468696670346,0.335997009895223,-0.0320550916901178,0.0164181404251302,0.160117570441218,-0.568162157590021,-0.203677258045122,0.290995034419622,0.187610762572709,0.191128554724405,-0.0357340714788402,0.177667519779589,0.252975422229431,0.561134404576295,-0.209130160250006,0.142325660423763,0.174563099780934,-0.0475295675520339,0.200867538567687,0.23664717439502,0.182974521264419,0.0659374068699809,0.282433959699883,0.371329697654784,-0.136799337299338,0.38076300288512
"PRKCB",0.74159524907125,0.387054621806437,0.561461819064169,0.936510244509541,1.28902926387229,0.69449872784844,0.713494304381817,0.714346737766277,0.682230608707836,0.166600938957522,-0.389387788014781,-0.0696554381345652,-0.238259653202012,-0.0160132314747562,0.11399054362008,-0.22958808853841,-0.419847490611292,0.214025440671346,0.20714126591219,-0.0396488378715803,0.344289210270132,0.4132417882354,0.644508610569126,0.348251266588437,0.0300168789941729,0.342375443744056,0.402476015897972,-0.212025492113621,-0.637482609507014,-0.785475158311589,-0.677280634939284,-0.657104839837041,-1.37126584473091,-0.560116764075169,-0.631176223778974,-0.643011226373517,-0.806766188323099,0.152327328556095,0.0819585957596005,-0.930842856542302,-0.679019314820714,0.134527081536328,-0.644058358225793,-0.497589172409507,0.247203828744182,0.587453181765551,0.157454929540715,0.121656969483181,1.21515806670251,-0.417036198020492,0.561134404576295,0.622776818599248,0.295599937620551,0.909187064539328,0.608840709920052,-0.122879207475907,0.392670572128922,0.712037173504411,0.225161926455785,0.365626186220107,0.597905487297775,0.307849708912315,0.4876221557211
"PRKCD",-0.0153499065009581,0.118541819633115,0.117835573729503,-0.136336309355062,0.0256848022491013,-0.0473255667362472,0.0473277987166278,-0.00217277824140336,-0.0320902100021464,0.305655411833838,0.276715480329442,0.109692205157296,0.186611790996419,0.129547799553422,0.0652443138232218,0.196193373311651,0.0447655819744158,0.221411130414701,0.330433352747499,0.318170274234713,0.250564326454827,0.271401457890917,0.239833329403303,0.235932741823045,0.2093641115017,0.223735635227199,0.429590308491506,-0.0702479735674878,-0.218006753982516,-0.490634928782591,-0.265634854740203,-0.23790175551753,-0.498755798502163,-0.468115112260532,-0.207251504339421,-0.257750390082089,-0.366774670290263,0.313464751477975,0.420617021189113,-0.239063134002773,0.0223242697504918,0.160117570441218,-0.31703215829265,0.159820048387418,0.21158456600159,-0.0669468876049298,0.227019233427543,0.13540837672639,-0.0594067611613794,-0.170296910836239,0.298171715313746,0.00946136355168403,0.32921677732392,0.174563099780934,0.103394130383483,0.299746793846626,0.23664717439502,-0.0182558842748961,0.143834286137417,0.193600637630288,0.060439440397074,0.110474712210205,0.354740411071297
"PRKCZ",-0.548497313270137,0.0137003151311941,0.173945494642301,-0.649935137452449,0.0675256477782834,0.00458115441013699,-0.0612063866789004,0.155275667535325,-0.0115530644454059,0.603348580410973,0.763413518516298,0.459591751776222,0.534150808520938,0.640741568328535,0.524063443331927,0.65347249967291,0.542723866389364,0.898799369779065,0.433271303704688,0.471013501436764,0.332747233059384,0.357764445283799,0.356704585967391,0.258266914558149,0.774832103368659,0.421584730504352,0.562320029818115,-0.39656891075877,-0.821262660263235,-1.32434618459949,-1.32254216082549,-1.08052112168517,-1.49019325351262,-0.487321572568465,-1.4457633152056,-1.23102293464271,-1.09744314985584,0.408590954512667,0.625308099043274,-1.71719518613278,0.620379579988924,0.512646422431319,-1.00673484240511,0.303055410248697,0.0904415922122865,-0.0528269428592234,0.495581118947025,0.453791454867044,0.185786681145542,0.478829843410637,0.659391706255181,0.0342807660308278,0.725812094603904,0.106534820711954,0.2306973357601,0.48974980199539,0.472756287005674,-0.0252991151838002,0.599966793253203,0.312156519607297,0.30402812687716,0.270044579168811,0.440030123446144
"PRKD1",-0.440934907153301,-0.0922010402684588,-0.242069117729601,-0.168206489924976,-0.696250890185598,-0.511146089740766,0.388598196346751,0.123717681051039,-0.52169519305588,0.448444373573549,0.498140461484551,0.35992979099784,0.49709736718703,0.426936180709119,0.533162205093846,0.39617165843294,0.412491834067941,0.527064320333866,0.365472988839539,0.305268275015512,0.394066690159946,0.562077391379314,0.116650733696068,0.271878429616589,0.634552491203674,0.28803109528896,0.515998867884761,-0.212025492113621,-0.334894283863666,-0.215672941299827,0.100477535520746,-0.4057475175815,0.0542435983692898,0.14532622608571,-0.396844145772018,0.239811696182903,-0.448782860258611,0.403925116716279,0.621934382197918,-0.0182125007286269,0.343827357884092,0.579616049501918,-0.0333723133437184,0.293265275403071,0.518606480490625,-0.687799887917517,0.425013076628105,0.126651332493184,-0.510488421120203,0.449517584049695,0.43838313423674,-0.109457628804614,0.536877391575077,0.252963809674728,0.284878758329329,0.367507661950635,0.203502934708176,-0.132563562237,0.606325724103985,0.394411747723282,-0.415463417695557,0.336234337352796,0.295681948265994
"PRKG1",-0.205697377333887,0.225743214056319,-0.035442858560288,0.150414356511813,0.0256848022491013,-0.0473255667362472,0.236140887519723,-0.505734393676027,-0.176110872303933,0.279518314791329,0.195949666967857,0.109692205157296,0.300611653624,0.333522037789864,0.374906712063689,0.203847028266756,0.584527565199984,0.221411130414701,0.229825453606715,0.636758727858015,0.674697153986136,0.562077391379314,0.644508610569126,0.68169988054571,0.19790538689281,0.711881457326502,0.597880949430648,-0.212025492113621,-0.637482609507014,-0.980488528627955,-0.57326181205828,-1.01786382605963,-1.37126584473091,-0.536667325449392,-1.66808195093125,-0.818683031918918,-1.05276564875812,-0.0291801724725517,0.0919777273932323,-1.31856243070466,0.177176685052172,0.507846809877073,-0.733271027381064,0.146465277646102,0.831732711670836,0.244282720302569,0.110176928332598,0.490747830313735,0.177667519779589,0.219929009503004,0.73255304208375,-0.267265737354299,0.0531594697411978,0.751807898272869,-0.190475596907353,0.299746793846626,0.446496055301591,-0.745434989067708,0.225161926455785,0.282433959699883,-0.411295048931571,0.336234337352796,0.55358756742926
"ROCK1",0.084308616297574,0.120151387673713,0.0765785780058108,-0.0691079776446176,0.230076231064336,-0.0473255667362472,0.104251796708509,0.0711627521166971,-0.176110872303933,0.305655411833838,0.297930261439695,0.363642881439113,0.125045317334629,0.309471817806136,0.242533410500413,0.218447379505429,0.288943935926114,0.375068419632218,0.20714126591219,0.576493023937835,0.344289210270132,0.4132417882354,0.598421851890165,0.313227149877344,0.0300168789941729,0.297018326083135,0.534110995447014,-0.453078643986263,-0.637482609507014,-0.980488528627955,-0.130037760951816,-0.4057475175815,-0.672820891013237,-0.560116764075169,-0.192334490211956,-0.806599147986919,-0.685349960264408,0.298533845981543,0.471235108156943,-0.721363563126652,0.177176685052172,0.160117570441218,-0.568162157590021,0.273944114340228,0.544581345338455,0.189045459028165,0.412977108927728,0.121656969483181,0.193905842511494,0.332177087606996,0.561134404576295,-0.0326936271106182,0.295599937620551,0.543625055066225,-0.0475295675520339,0.336808802271008,0.392670572128922,0.0131772936884488,0.225161926455785,0.403990727793592,0.12508539017821,0.105362375839783,0.432345386295717
"RPS6KA1",0.084308616297574,0.118541819633115,-0.035442858560288,0.319098800115616,0.0921792715238684,-0.0473255667362472,0.261540651995707,-0.00217277824140336,-0.0320902100021464,0.575203113744407,0.306792098218714,0.42110326605709,0.110050091583535,0.214833232705913,0.374906712063689,0.218447379505429,-0.0383389073811282,0.527064320333866,-0.494601753643361,0.43807181174235,0.322686648813029,0.418592464038616,0.385205534350298,0.0284383616958882,0.0419081786198915,0.52616528890249,0.335221961597225,-0.573101808556425,-0.329838891248873,-0.980488528627955,-0.385177276922555,-0.380156275015439,-0.91316593895819,-1.00094973092401,-0.192334490211956,-0.669900717267797,-0.448782860258611,-0.0181034171493454,0.114731162796535,-0.56427573347767,0.185441539132821,0.134527081536328,-0.733271027381064,-0.0502516776316215,0.546025759290301,0.117467629127535,0.324200655402466,0.20701973399188,-0.219416796542162,0.250186979350048,0.235284378921887,-0.131617852985495,0.249804115903651,0.174563099780934,0.166190091741044,0.016165079953827,0.250918358815682,0.325427731736126,0.118420743624641,0.193578221756885,0.380702302206296,0.216828926611193,-0.0080967406231663
"RPS6KA3",-0.12335303086087,-0.0864797333153983,0.097207075867657,0.0142243057009927,0.185327072736266,0.317561819201882,0.168503545177875,-0.0558470208208243,-0.0277889562895299,0.492904169744476,0.406414271232055,0.51699210380893,0.364874487832262,0.363384324133608,0.47572152831388,0.211147203886092,0.377110182102201,0.319133648158966,0.511969908698906,0.66059122256251,0.679942379707001,0.415917126137008,0.63121802928364,0.514975573567074,0.52093602831939,0.775339630684705,0.530872549970886,-0.687765514679072,-0.603988267094004,-0.999237756994526,-0.718020704818387,-0.809848828738096,-1.30854343970478,-0.593402883117872,-1.4457633152056,-1.34634632802612,-0.69072552515064,0.492989867201868,0.223812808186669,-1.20889890151264,0.255300257997572,0.378096981074519,-0.74330523991146,0.256214321821224,0.609789634717801,-0.10920448352856,0.261577018630163,0.414505222553302,-0.0486712378034703,0.314342933430676,0.714012753039391,0.29643615200482,0.228798367601411,0.683684686030695,0.19875297690452,0.363824488797217,0.440871868521881,0.172859081558753,0.597873543223091,0.409931216963126,0.121676494461366,0.28345864133161,0.423863924941069
"RPS6KB1",-0.44827351524282,0.0131703896823283,0.363784723449366,0.101993116634367,0.0589320368864849,0.0560735838273688,0.315690220996781,0.128998203068154,0.0152417252051558,0.335814294079116,-0.164866173631271,0.103688462423357,-0.325862065344808,0.356084253981023,0.224496938017149,-0.348426339999825,-0.656875368390306,0.402814247786079,0.286307127375865,0.100344789376323,0.355721779713963,0.352056986724046,0.638758256150968,0.23500200746608,-0.00362531811684748,0.694969450475308,0.368848988747599,-0.332552068049942,-0.0491337218920103,0.101080739562555,-0.014780112715535,-0.232264514279153,0.127549481882431,-0.121330715042322,0.119300502036414,0.183784789900125,-0.16814837194912,0.313584165470457,0.512523995543515,0.191042568902028,-0.2242854636124,0.295074576217877,0.0943084788749438,0.0532394903961118,0.756607202695047,0.159674204339177,-0.25579834620619,0.306202399898458,-0.0664613805911508,0.274742100741894,0.745101025008908,0.436228057657916,-0.151873357353637,0.355335685488472,-0.0357982006306768,-0.143917368179406,0.44584354541934,-0.0256256602848652,-0.0556009815317061,0.304724963944773,0.120959471223416,-0.447383680207647,0.275146789950621
"SIK1",-0.224499509595497,0.0964244908619153,0.097207075867657,-0.133505995040535,0.0831313583286485,-0.310353101805394,0.262501225383294,0.0348458399272959,0.00453871467732167,0.335814294079116,0.436747057616989,0.11802128068735,0.17418258191362,0.334936364987912,0.406307713781018,0.211147203886092,0.0257218437291825,0.313565231591452,0.349869358852019,0.21673776032874,0.401425174773684,0.429146256638,0.451889952322384,0.357454835265918,0.12249744170247,0.432222346935709,0.518558600874263,-0.768060824618744,-0.342994974375902,-0.379008354255299,-0.418707220787023,-0.392951896298469,-0.780788538010583,-0.515791602678557,-0.864171589580363,-0.967381103551454,-0.833063058996247,0.398969063373668,0.378307015542168,-0.0716229992061188,0.206906269795698,0.568713443209457,-0.589831468613743,0.30208733778076,0.243141205279561,0.0593451826184545,0.209073894075974,0.221651216295497,-0.035186139398186,0.236452215866218,0.615755451360506,0.0828756970819596,0.202022214897186,0.360848808081713,-0.0855053078643149,0.303452208949475,0.227210646761929,0.206623387957035,0.273074325350781,0.367817905967338,0.37601599993054,0.13784917478045,0.38223755787078
"TBK1",-0.636835571985289,-0.625433047590161,-0.0241388465046851,-0.781303324968515,-0.102182665408981,-0.278501271180463,-0.521132213655814,-0.373497948865312,-0.00354679913298773,0.720518851432711,0.670293000594552,0.648436444235481,0.290907323331407,0.553010352079687,0.533162205093846,0.586136055444798,0.153543914069629,0.45725755745353,0.365472988839539,0.464448641774765,0.394066690159946,0.0153473490602337,0.266634647397173,0.307809260274088,0.461446237948978,0.399304853366053,0.426803213950714,0.212601037339781,0.0560165633485969,-0.296516045797004,0.200124615895141,-0.084372753542867,0.0914802403647132,-0.0773623768217509,-0.0930375066844925,0.0900841201875639,-0.366774670290263,0.433353206118083,0.333575083322325,0.115414182822975,0.64582475928427,0.345974825528484,0.187650692528203,0.630296031540544,0.518606480490625,-0.975733578747599,0.545486525496348,0.20701973399188,-0.440097535428962,0.47015734257862,0.0869778494805687,-0.131617852985495,0.536877391575077,0.641318488300279,-0.0240668337093198,0.393620155108364,0.380768080541997,0.24756545229331,0.457412071356184,0.193578221756885,-0.0698168102777327,0.474349169246932,0.445665969645394
